id,name,magnitude
1,mu. Ara,5.12
2,HD 154088,6.8
3,HD 102365,4.89
4,61 Vir,4.74
5,HD 69830,5.95
6,HD 72673,6.38
7,e Eri,4.26
8,tau Cet,3.49
9,omi02 Eri,4.43
10,HD 192310,5.73
11,* 20 Crt,5.96
12,HD 4628,5.74
13,HD 191408,5.32
14,HD 16160,5.79
15,HD 32147,6.22
16,HD 22496,8.57
17,eps Ind,4.69
18,CD-51 10924,9.58
19,BD-13 2439,9.38
20,HD 42581,8.15
21,HD 225213,8.56
22,BD+10  1857,9.62
23,HD 304636,9.49
24,HD 176029,9.22
25,HD 175224,8.86
26,CD-57 1079,9.11
27,BD+01 2447,9.65
28,BD+18 3421,9.62
29,HD 165222,9.37
30,HD 204961,8.66
31,BD+11 2576,9.05
32,HD 191849,7.97
33,HD 119850,8.46
34,CD-46 11540,9.38
35,BD-11 3759,11.32
36,G 158-50,11.49
37,Wolf 358,11.64
38,Barnard's star,9.54
39,CD-23 14742,10.37
40,G 68-8,11.7
41,Wolf 1539,11.94
42,Wolf 437,11.39
43,BD-15 6290,10.16
44,L 762-51,11.81
45,CD-44 11909,10.94
46,* pi.01 UMa,5.63
47,HD 74576,6.556
48,rho01 Cnc,5.96
49,HD 76151,6.008
50,HD 78366,5.962
51,* sig02 UMa,4.809
52,* 11 LMi,5.402
53,HD 84117,4.914
54,15 LMi,5.086
55,20 LMi,5.378
56,HD 88230,6.55
57,40 Leo,4.792
58,I Car,3.99
59,36 UMa,4.82
60,HD 90089,5.25
61,Y Vel,4.897
62,47 UMa,5.037
63,HD 95735,7.421
64,61 UMa,5.308
65,* bet Vir,3.602
66,HD 103095,6.427
67,alf Crv,4.025
68,eta Crv,4.297
69,bet CVn,4.26
70,* 10 CVn,5.958
71,bet Com,4.23
72,HD 114613,4.847
73,HD 114837,4.913
74,HD 115404,6.55
75,HD 122064,6.488
76,HD 125276,5.872
77,tet Boo,4.052
78,sig Boo,4.465
79,alf Cen B,1.35
80,alf Cen A,0.002
81,ksi Boo,6.979
82,HD 131977,5.724
83,c Boo,4.94
84,nu.02 Lup,5.655
85,psi Ser,5.869
86,* lam Ser,4.422
87,HD 140901,6.012
88,chi Her,4.608
89,gam Ser,3.843
90,* rho CrB,5.41
91,* 18 Sco,5.496
92,HD 147513,5.37
93,12 Oph,5.764
94,36 Oph,5.07
95,V* V2215 Oph,6.295
96,41 Ara,5.472
97,* w Her,5.385
98,ksi Oph,4.389
99,HD 158633,6.443
100,lam Ara,4.762
101,58 Oph,4.86
102,70 Oph,4.22
103,HD 165185,5.949
104,HD 166620,6.377
105,* iot Pav,5.469
106,36 Dra,4.99
107,* b Aql,5.169
108,* sig Dra,4.672
109,17 Cyg,5.005
110,omi Aql,5.122
111,HD 190360,5.745
112,HD 189567,6.07
113,del Pav,3.556
114,HD 193664,5.922
115,psi Cap,4.137
116,HD 199260,5.709
117,* 61 Cyg A,5.211
118,61 Cyg B,6.043
119,V* AX Mic,6.69
120,gam Pav,4.229
121,V* HN Peg,5.942
122,HD 207129,5.575
123,tau PsA,4.94
124,HD 212330,5.318
125,ups Aqr,5.21
126,ksi Peg,4.2
127,V* TW PsA,6.446
128,HD 217987,7.33
129,HD 219134,5.54
130,HD 219623,5.58
131,HD 166,6.093
132,* 6 Cet,4.895
133,* tet Scl,5.241
134,* zet Tuc,4.223
135,* bet Hyi,2.82
136,* 54 Psc,5.863
137,HD 4391,5.795
138,* eta Cas,3.444
139,* phi02 Cet,5.176
140,HD 5015,4.8
141,* nu. Phe,4.966
142,* kap Tuc,4.912
143,* ups And,4.1
144,* p Eri,5.876
145,* q01 Eri,5.52
146,* 107 Psc,5.241
147,HD10780,5.626
148,HD 14412,6.336
149,* iot Hor,5.395
150,* tet Per,4.1
151,* tau01 Eri,4.465
152,HD 17925,6.038
153,* iot Per,4.05
154,* alf For,3.8
155,* zet01 Ret,5.513
156,* zet02 Ret,5.232
157,* kap01 Cet,4.85
158,* kap Ret,4.703
159,* eps Eri,3.718
160,* 10 Tau,4.291
161,* del Eri,3.537
162,* tau06 Eri,4.21
163,HD 25457,5.361
164,* 50 Per,5.522
165,* 58 Eri,5.489
166,* pi.03 Ori,3.184
167,* zet Dor,4.701
168,* m Tau,4.915
169, * lam Aur ,4.705
170,HD 33564,5.08
171,* 111 Tau,5.009
172,* pi. Men,5.666
173,HD 37394,6.2
174,gam Lep,6.142
175,HD 38858,5.973
176,alf Men,5.076
177,* 71 Ori,5.2
178,* k Ori,5.04
179,HD 46588,5.44
180,* psi05 Aur,5.252
181,HD 50281,6.562
182,* 37 Gem,5.763
183,HD 53705,5.56
184,HD 55575,5.559
185,* 22 Lyn,5.35
186,* 212 Pup,5.085
187,HD 65907,5.592
188,* chi Cnc,5.13
189,HD 219482,5.655
190,iot Psc,4.132
191,* 54 Psc B,
192,* 54 Psc b,
193,* 55 Psc,5.428
194,HD 9407,
195,* 51 Ari,6.62
196,HD 52711,
197,HD 71148,
198,HD 89269,
199,* 83 Leo A,6.46
200,* 83 Leo B,7.53
201,HD 104304,5.55
202,HD 105631 ,
203,HD 114783,7.55
204,HD 117043,
205,HD 126053,6.27
206,HD 127334,
207,HD 136923,7.123
208,HD 154345,
209,HD 157347,6.278
210,HD 158259,6.47
211,HD 159222,6.56
212,* mu.01 Her,3.42
213,HD164922,
214,HD 168009,6.298
215,HD 182488,
216,* 16 Cyg A,5.95
217,* 16 Cyg B,6.2
218,HD 190404,7.27
219,15Sge,5.788
220,HD191785,7.323
221,HD197076,6.44
222,*  11 Aqr,6.192
223,HD 210277,8.57
224,* 51 Peg,5.46
225,* 51 Peg b,
226,HD 218868,
227,HD 221354,
228,HD 172051,5.85
229,* 94 Aqr B,5.2
230,HD 179957,6.75
231,HD 68017,6.78
232,HD 217107,6.18
233,HD  51419,6.94
234,HD 196761,6.36
235,HD 24496,6.81
236,HD 116442,7.06
237,HD 187923,6.16
238,HD 124292,7.05
239,HD 185414,6.73
240,* 49 ser B,7.5
241,HD 12846,6.89
242,HD 149806,7.1
243,HD 170657,6.81
244,HD 39881,6.6
245,HD 176377,6.8
246,HD 33021,6.15
247,HD30708,6.79
248,HD43947,6.62
249,HD1461,6.46
250,HD221356,6.5
251,HD 56303,7.33
252,HD1326,8.14
253,HD 12051,7.14
254,HD58781,7.24
255,HD44985,7.01
256,HD 92719,6.767
257,HD135101,6.69
258,HD37008,7.74
259,HD34575,7.09
260,HD71479,7.17
261,HD116443,7.35
262,HD151541,7.56
263,HD132142,7.77
264,HD42250,7.43
265,HD98281,7.29
266,HD144585,6.32
267,* 49 Ser A,7.43
268,HD125455,7.58
269,HD9562,5.75
270,HD62613,6.55
271,HD130992,7.81
272,HD180161,7.04
273,HD4915,6.98
274,HD220339,7.8
275,HD224619,7.47
276,HD28005,6.72
277,HD216520,7.53
278,11 LMi,5.340
279,41 Ara,5.48
280,85 Peg,5.75
281,alf CMi,0.37
282,HD 142107,9.16
283,chi Dra,3.58
284,* chi01 Ori,4.4
285,eta Cas,3.44
286,eta Cas B,7.51
287,gam Vir,2.74
288,gam Vir B,3.49
289,i Boo A,5.136
290,* i Boo B,6.004
291,*  iot Peg,3.77
292,* kap01 Cet,4.85
293,* ksi Boo A,4.675
294,* ksi Boo B,6.816
295,* ksi UMa A,4.25
296,* ksi UMa B,4.77
297,* mu. Cas,5.17
298,* omi02 Eri,4.43
299,* p Eri A,5.685
300,* p Eri B,5.797
301,* pi.03 Ori,3.19
302,tet Per,4.11
303,zet TrA,4.899
304,zet01 Ret,5.54
305,zet02 Ret,5.228
306,HD 101581,7.762
307,HD 13445,6.117
308,HD 147513,5.376
309,HD 154363,7.709
310,HD 156384,5.89
311,HD 157881,7.56
312,HD 17925,6.05
313,HD 21531,8.367
314,HD 217357,7.869
315,HD 222237,7.087
316,HD 32450,8.317
317,HD 36003,7.642
318,HD 37394,6.23
319,HD 38A,8.826
320,HD 40307,7.147
321,HD 69830,5.95
322,HD 82106,7.197
323,HD 85512,7.651
324,V* AK Lep,6.15
325,V* TW PsA,6.48
326,V* V2215 Oph,6.34
327,V* V2689 Ori,8.898
328,bet Vir,3.6
329,mu. Ara,5.15
330,HD 191408,5.32
331,HD 192310,5.723
332,HD 219482,5.647
